r_0001,D_LACDcm
r_0002,D_LACDm
r_0003,BTDD_RR
r_0004,L_LACD2cm
r_0007,PRMICI
r_0012,P5CDm
r_0014,DRTPPD
r_0016,ACHBSm
r_0018,AATA
r_0019,DPR
r_0020,DDPAm
r_0021,2HPMBQMTm
r_0022,2HP6MPMOm
r_0023,IPPMIb
r_0024,IPPS
r_0025,IPPSm
r_0028,MCITSm
r_0029,OMCDC
r_0030,OMCDCm
r_0032,BPNT
r_0033,PDE1
r_0034,PDE2
r_0035,PDE3
r_0036,PDE4
r_0037,PDE5
r_0038,DB4PS
r_0039,DHQTi
r_0040,DHQS
r_0042,DDPA
r_0043,3OPHB5Hm
r_0045,HKYNH
r_0057,HACD6p
r_0058,3HAO
r_0060,IPPMIa
r_0061,IPMD
r_0062,3MOBDC
r_0063,MTMOHT
r_0064,3MOPDC
r_0065,PSCVT
r_0066,ADCS
r_0067,ADCL
r_0068,ABTA
r_0069,4HTHRS
r_0070,4HBZFm
r_0072,4MOPDC
r_0075,MTAP
r_0076,NTD4
r_0077,NTD11
r_0078,NTD2
r_0079,PRFGS
r_0080,MTHFR3
r_0081,ALASm
r_0084,FTHFCL
r_0085,MHPGLUT
r_0086,MDRPD
r_0087,MTRI
r_0090,PFK26
r_0091,PGL
r_0095,ACALDCD
r_0099,ACOATAm
r_0100,ACACT8p
r_0101,ACACT9p
r_0102,ACACT7p
r_0103,ACACT1r
r_0104,ACACT1m
r_0105,ACACT6p
r_0106,ACACT4p
r_0108,ACCOACrm
r_0109,ACCOAC
r_0111,ACOAHim
r_0112,ACS
r_0113,ACSm
r_0115,ACGKm
r_0116,ACP1e
r_0117,ACONT3m
r_0118,ACOTAim
r_0119,ACPSm
r_0121,ACOAO5p
r_0122,ACOAO9p
r_0123,ACOAO7p
r_0124,ACOAO8p
r_0125,ACOAO6p
r_0138,ADD
r_0139,ADPT
r_0140,ADA
r_0142,ADNK1
r_0143,AMPDA
r_0144,AHCi
r_0145,ADMDC
r_0146,AMAOTr
r_0147,ADNCYC
r_0148,ADK1
r_0149,ADK1m
r_0150,ADK3m
r_0151,ADSL2r
r_0152,ADSL1r
r_0153,ADSS
r_0154,ADSK
r_0155,23CAPPD
r_0156,AGTi
r_0157,ALATRS
r_0158,OHACT3
r_0160,OHACT2
r_0161,OHACT4
r_0162,OHACT5
r_0163,ALCD2x
r_0164,ALCD19y
r_0165,ALCD2irm
r_0166,ALCD22xi
r_0167,ALCD22xim
r_0168,ALCD22yi
r_0169,ALCD25xi
r_0170,ALCD25xim
r_0171,ALCD25yi
r_0172,ALDD22x
r_0173,ALDD2y
r_0174,ALDD2xm
r_0175,ALDD2ym
r_0176,ALDD20xm
r_0177,ALDD20y
r_0178,ALDD20ym
r_0179,ALCD24xi
r_0180,ALCD24xim
r_0181,ALCD24yi
r_0182,ALCD23xi
r_0183,ALCD23xim
r_0184,ALCD23yi
r_0185,ALDD19xr
r_0186,ALCD26xi
r_0187,ALCD26xim
r_0188,AKP1
r_0189,ALLTAHr
r_0190,ALLTN
r_0191,ALPHNH
r_0193,TREHv
r_0194,TREH
r_0195,TRE6PS
r_0198,MALT
r_0199,AMID
r_0200,AACTOOR
r_0201,ABUTDm
r_0202,ANPRT
r_0203,ANS
r_0204,AP4AH
r_0205,ARABR
r_0206,ARGN
r_0207,ARGSL
r_0208,ARGSS
r_0209,ARGTRS
r_0210,ARGTRSm
r_0211,ASNS1
r_0212,ASNTRS
r_0213,ASNTRSm
r_0214,ASPCT
r_0215,ASPK
r_0216,ASPTA
r_0217,ASPTAm
r_0218,ASPTAp
r_0219,ASAD
r_0220,ASPTRS
r_0221,ASPTRSm
r_0222,ATPATF1
r_0223,ATPATF2
r_0224,ATPATF3
r_0225,ATPPRT
r_0226,ATPS3m
r_0227,ATPS
r_0230,BACCL
r_0231,C14STR
r_0233,C22STDS
r_0237,HMR_1509
r_0239,HMR_1503
r_0242,C5STDS
r_0243,C8STI
r_0244,C24STRer
r_0250,CBPS
r_0252,CSNATr
r_0253,CSNATp
r_0254,CSNATm
r_0255,CAT
r_0256,CATp
r_0263,CERS124er
r_0264,CERS126er
r_0265,CERS224er
r_0266,CERS226er
r_0273,CHOLK
r_0274,CHLPCTD
r_0278,CHORM
r_0279,CHORS
r_0280,ACN_b_m
r_0300,CSm
r_0301,CSp
r_0302,ACN_a_m
r_0303,ACONTa
r_0304,CPPPGO
r_0306,CTPS2
r_0307,CTPS1
r_0308,CYSTL
r_0309,CYSTS
r_0310,CYSTGL
r_0311,METB1
r_0312,CYSS
r_0313,CYSTRS
r_0314,CYTD
r_0315,CYTDK2
r_0317,LNS14DM
r_0318,CSND
r_0320,ARAB1D1
r_0321,ARAB1D2
r_0322,FBA2
r_0323,SBTD_D2
r_0326,DCMPDA
r_0327,DCTPD
r_0328,DADA
r_0329,DCYTD
r_0330,DGK1
r_0332,DRBK
r_0334,DPCOAKm
r_0335,DBTS
r_0344,DHFR
r_0345,DHFRim
r_0346,DHFS
r_0348,DNMPPA
r_0349,DHORTS
r_0351,FOLD3m
r_0352,DHAD1m
r_0353,DHAD2m
r_0354,DHAK
r_0355,DMATT
r_0356,DPGM
r_0359,DIPS
r_0360,DOLK
r_0361,DOLPMTcer
r_0362,DOLPMMer
r_0363,DTMPK
r_0364,DUTPDP
r_0365,EPGALURSe
r_0366,ENO
r_0368,ETHAK
r_0370,13BGHe
r_0373,FRTT
r_0400,FACOAL120p
r_0402,FACOAL160p
r_0410,FACOAL80p
r_0412,FACOAL140p
r_0436,FCLTm
r_0437,CCP2m
r_0440,FMNAT
r_0441,FMNRx
r_0442,FMNRx2
r_0443,FALDH
r_0445,FDH
r_0446,FTHFLi
r_0447,FTHFLmi
r_0448,FBP26
r_0449,FBP
r_0450,FBA
r_0451,FUMm
r_0452,FUM
r_0453,DHORDfum
r_0454,FRDm
r_0455,FRD
r_0457,GTMLT
r_0458,GALKr
r_0459,GALT
r_0460,GLUCYS
r_0461,GGTT
r_0462,GRTT
r_0463,GLCGSD
r_0464,GLCGSDv
r_0465,G6PDA
r_0466,G6PDH2r
r_0467,PGI
r_0468,GLU5K
r_0469,GLUDC
r_0470,GLUDxi
r_0471,GLUDy
r_0472,GLUSx
r_0473,G5SD
r_0475,GLUN
r_0476,GLNS
r_0477,GF6PTA
r_0478,GLNTRS
r_0479,GLUTRS
r_0480,GLUTRSm
r_0481,GTHOr
r_0482,GTHOm
r_0483,GTHPi
r_0484,GTHPm
r_0485,GTHS
r_0486,GAPD
r_0487,GLYCDy
r_0488,GLYK
r_0489,G3PT
r_0490,G3PDm
r_0491,G3PD1ir
r_0492,G3PD1irm
r_0497,GPDDA1
r_0499,GARFT
r_0500,GLYAT
r_0501,GLYCLm
r_0502,GHMT2r
r_0503,GHMT2rm
r_0504,GCC2am
r_0505,GCC2cm
r_0506,GCCam
r_0507,GCCbim
r_0508,GCCcm
r_0509,GCC2bim
r_0511,GLCP
r_0512,GLYTRS
r_0514,GMPS2
r_0524,GTPCI
r_0525,GTPCII2
r_0526,GUAD
r_0527,GUAPRT
r_0528,GK1
r_0529,GK2
r_0530,HEMEOMOm
r_0531,HEMEOSm
r_0533,HEX7
r_0534,HEX1
r_0535,HEX4
r_0536,HISTD
r_0537,HISTP
r_0538,HSTPT
r_0539,HISTRS
r_0540,HISTRSm
r_0541,ARMT
r_0542,HACNHm
r_0544,HCYSMT
r_0546,HSDxi
r_0547,HSDy
r_0548,HSK
r_0549,HSERTA
r_0550,THIORDXi
r_0551,THIORDXm
r_0552,THIORDXp
r_0553,GLYOX
r_0554,GLYOXm
r_0555,HBZOPT6m
r_0556,HETZK
r_0557,HMBS
r_0558,HMGCOAR
r_0559,HMGCOAS
r_0560,HMGCOASm
r_0561,HMPK1
r_0562,HXPRT
r_0563,IG3PS
r_0564,IGPDH
r_0565,IMPD
r_0566,IGPS
r_0567,INDPYRD
r_0568,PPA
r_0569,PPAm
r_0570,IMPC
r_0656,ACHLE1
r_0657,ACHLE2
r_0658,ICDHxm
r_0659,ICDHyr
r_0661,ICDHyp
r_0662,ICL
r_0663,ILETA
r_0664,ILETAm
r_0665,ILETRS
r_0666,ILETRSm
r_0667,IPDDI
r_0668,ITCOALm
r_0669,KARA2im
r_0670,KYN
r_0671,KYN3OX
r_0672,PHCDm
r_0673,4HGLSDm
r_0674,ALATA_Lm
r_0675,THRA2
r_0676,ATHRDHr
r_0678,AASAD1
r_0679,ASNN
r_0680,ASNNe
r_0681,EHGLAT
r_0682,EHGLATm
r_0683,EHGLATp
r_0688,LALDO3
r_0689,SERD_L
r_0690,LSERDHr
r_0691,SBTD_L
r_0692,THRD_L
r_0693,THRD_Lm
r_0694,TRPO2
r_0695,TYRNFT
r_0696,LCADi
r_0697,LGTHL
r_0698,LNSTLS
r_0699,LEUTA
r_0700,LEUTAm
r_0701,LEUTRS
r_0702,LEUTRSm
r_0707,LTA4H
r_0711,LYSTRS
r_0712,LYSTRSm
r_0713,MDHm
r_0714,MDH
r_0715,MDHp
r_0716,MALS
r_0717,MALSp
r_0718,ME1m
r_0719,ME2m
r_0721,MCOATAm
r_0722,MAN1PT
r_0723,MAN6PI
r_0724,MTHFCm
r_0725,MTHFC
r_0726,METAT
r_0727,METS
r_0728,FMETTRSm
r_0729,METTRS
r_0730,METTRSm
r_0731,MTHFD2i
r_0732,MTHFD
r_0733,MTHFDm
r_0734,MCITL2m
r_0735,MEVK1
r_0736,MEVK2
r_0737,MEVK3
r_0738,MEVK4
r_0739,DPMVD
r_0757,MI1PP
r_0758,MI1PS
r_0759,AGPRim
r_0760,ACGAM6PS
r_0761,ACGSm
r_0762,FKYNH
r_0764,NADDPp
r_0765,NADK
r_0766,NADKm
r_0768,NADS2
r_0770,NADH2_u6cm
r_0773,NADH2_u6m
r_0774,NAPRT
r_0775,NAPRTm
r_0781,NNAM
r_0782,NNMT
r_0783,NMNAT
r_0784,NMNATn
r_0785,NNATr
r_0786,NNDPR
r_0787,NNDPRm
r_0788,NDP1
r_0789,NDP3
r_0790,NDP7
r_0791,NDP7g
r_0792,CDPPH
r_0793,IDPA
r_0795,NDPK3
r_0796,NDPK8
r_0797,NDPK7
r_0798,NDPK5
r_0799,NDPK4
r_0800,NDPK1
r_0801,NDPK9
r_0802,NDPK10
r_0803,NDPK6
r_0804,NTP3
r_0805,NTP7
r_0806,NTP5
r_0807,NTP10
r_0810,NDP3g
r_0811,NDPK2
r_0812,AHSERL
r_0813,AHSERL2
r_0815,SHSL1
r_0816,OCBT
r_0817,ORNDC
r_0818,ORNTACim
r_0819,ORNTA
r_0820,ORPT
r_0821,OMPDC
r_0831,AKGDbm
r_0832,AKGDam
r_0841,PTPATi
r_0842,PNTK
r_0843,PANTS
r_0845,PTE11x
r_0847,PTE2x
r_0848,PTE7x
r_0849,PTE8x
r_0850,PTE9x
r_0851,PHETA1
r_0852,PHETRS
r_0853,PHETRSm
r_0854,PPYRDC
r_0855,PRAIS
r_0883,PAPSR
r_0884,PPCK
r_0885,PETHCT
r_0886,PFK
r_0887,PFK_3
r_0888,PGMT
r_0889,GND
r_0890,PGAMT
r_0891,PGCD
r_0892,PGK
r_0893,PGM
r_0902,PMANM
r_0903,PMPK
r_0904,PMEVK
r_0905,PPNCL2
r_0906,PPCDC
r_0907,PPM
r_0908,PRASCSi
r_0909,PRAMPC
r_0910,PRATPP
r_0912,AICART
r_0913,PRAIi
r_0914,PRAGSr
r_0915,GLUPRT
r_0916,PRPPS
r_0917,PSP_L
r_0918,PSERT
r_0929,POLYAO
r_0935,PPBNGS
r_0936,POLYAO2
r_0937,POLYAO3
r_0938,PPNDH
r_0939,PPND2
r_0941,PROTRS_1
r_0942,PPPGOm
r_0943,PNP
r_0949,PUNP3
r_0950,PUNP3m
r_0951,PUNP5
r_0953,PYDXO
r_0954,PYAM5PO
r_0955,PDX5POi
r_0956,PYDXNO
r_0957,P5CR
r_0958,PC
r_0959,PYRDC
r_0960,PYRDC2
r_0961,PDHm
r_0962,PYK
r_0965,RBFK
r_0966,RBFKm
r_0967,RBFSa
r_0968,RBFSb
r_0969,RBK
r_0970,RNTR1
r_0971,RNTR3
r_0972,RNTR2
r_0973,RNTR4
r_0974,RNDR1
r_0975,RNDR1n
r_0976,RNDR3
r_0977,RNDR3n
r_0978,RNDR2
r_0979,RNDR2n
r_0982,RPI
r_0983,RNMK
r_0984,RPE
r_0985,3DH5HPBMTm
r_0986,SAM24MT
r_0987,SFGTHi
r_0988,SACCD2
r_0989,SACCD1
r_0990,FBA3
r_0992,SERAT
r_0995,SERTRS
r_0996,SHK3Dr
r_0997,SHKK
r_0998,SHCHD2
r_0999,SHCHF
r_1001,SPMS
r_1002,SPRMS
r_1003,SGPL11r
r_1004,SBPP2er
r_1005,SBPP1er
r_1009,ACONIs
r_1010,SQLErx
r_1011,SQLEr
r_1012,SQLS
r_1021,SUCD2_u6m
r_1022,SUCOASm
r_1023,SSALy
r_1024,SUCRe
r_1025,SADT
r_1026,SLFAT
r_1027,SULR
r_1029,TAUDO
r_1030,THFATm
r_1031,THFGLUS
r_1032,THMDPe
r_1033,THMPe
r_1034,TMDPK
r_1035,TMDPPK
r_1036,TMPPP
r_1037,THIORDXni
r_1038,TRDR
r_1039,TRDRm
r_1040,THRA
r_1041,THRS
r_1042,THRTRS
r_1043,THRTRSm
r_1045,TMDS
r_1046,ACONMT
r_1047,PPTTm
r_1048,TALA
r_1049,TKT1
r_1050,TKT2
r_1051,TRE6PP
r_1054,TPI
r_1055,TRPS1
r_1056,TRPTA
r_1057,TRPTRS
r_1058,TRPTRSm
r_1063,TYRTA
r_1065,TYRTAip
r_1066,TYRTRS
r_1067,TYRTRSm
r_1068,ERGSTGLCT
r_1070,UDPG4E
r_1071,UGLT
r_1072,UMPK
r_1073,UMPKn
r_1074,UPPRT
r_1075,UREASE
r_1076,UGLYCH
r_1077,URIK1
r_1078,URIK2
r_1079,URIDK2r
r_1080,URIDK2rn
r_1081,UPPDC1
r_1082,UPP3MT
r_1083,UPP3S
r_1084,GALUi
r_1087,VALTA
r_1088,VALTAim
r_1089,VALTRS
r_1090,VALTRSm
r_1091,XPPT
r_1092,XYLTD_D
r_1093,XYLR
r_1094,XYLK
r_1619,NTD9
r_2029,PYDXNK
r_2115,ALCD2ir
r_2118,araphe3
r_2131,ICDHym
r_2142,3OAS40_m
r_2145,3OAR40_m
r_2146,3OAR60_m
r_2149,3HAD61_m
r_2206,FACOAL161p
r_2233,HXCOAx
r_2236,HMR_3102
r_2237,HMR_3098
r_2241,HMR_3062
r_2248,ECOAH4p
r_2249,ECOAH5p
r_2250,ECOAH6p
r_2251,ECOAH7p
r_2252,HMR_3075
r_2266,HACD4p
r_2267,HACD5p
r_2268,HACD7p
r_2269,HMR_3076
r_2283,ACACT1x
r_2284,ACACT2
r_2285,ACACT3
r_2286,HMR_3073
r_2287,HMR_3069
r_2288,HMR_3065
r_2297,FAOXC121x
r_2305,ACONTb
r_3121,PIP3P_HDE_HDE_c
r_4045,URIH
r_1096,MEV_Rt
r_1097,BTDt_RR
r_1098,2MBACt
r_1099,2OXOADPTm
r_1100,3DH5HPBtm
r_1101,ABUTt2r
r_1102,5AOPt2
r_1104,8AONNt2
r_1106,ACtr
r_1108,ADEt2
r_1109,ADNt2
r_1110,ATPtm
r_1111,ATPtp_H
r_1112,AKGCITtm
r_1113,ALLTTti
r_1114,ALLTNti
r_1115,NH4t
r_1116,ATP2tp_H
r_1118,ASPGLU2m
r_1119,BTNt2i
r_1120,CRNCARtm
r_1125,CHLt2
r_1126,CITtam
r_1127,CITtbm
r_1128,CITtcm
r_1129,COAtim
r_1131,CTPtm
r_1132,CYTDt2
r_1133,CSNt2
r_1134,FRUt2
r_1135,GALt2
r_1136,D_LACt2
r_1137,D_LACtm
r_1138,D_LACt2m
r_1139,MANt2
r_1146,EPISTt
r_1147,ERGSTt
r_1149,ETHAt
r_1151,FADH2tm
r_1161,FECOSTt
r_1164,r0963
r_1165,GDPMANNtg
r_1166,GLCt1
r_1167,GTHRDt2
r_1169,G3PIt
r_1170,G3PCt
r_1171,GLYCt2
r_1172,GLYCt
r_1173,GLYt2r
r_1174,GLCNtv
r_1175,GTPt2m
r_1176,GUAt2r
r_1177,INSTt2
r_1178,FE2t
r_1179,FE2utm
r_1180,IAMACt
r_1181,IBUTACt
r_1182,IPDPtm
r_1183,ALAt2r
r_1184,ARGt2r
r_1185,ARGt6
r_1186,ASNt2r
r_1187,ASNt6
r_1188,ASNt7
r_1189,ASPt7
r_1190,ASPt2r
r_1191,CRNt
r_1192,CYSt2r
r_1193,LCYSTintv
r_1194,GLUt7m
r_1195,GLUt7
r_1196,GLUt2r
r_1197,GLNt6
r_1198,GLNt7
r_1199,GLNt2r
r_1200,HISt6
r_1201,HISt2r
r_1203,ILEt6
r_1204,ILEt7
r_1205,ILEt2r
r_1206,L_LACtcm
r_1207,L_LACt2r
r_1209,LEUt6
r_1210,LEUt7
r_1211,LEUt2r
r_1212,LYSt6
r_1213,LYSt2r
r_1214,METt2r
r_1215,PHEt2r
r_1216,PROt2r
r_1217,SERt2r
r_1218,THRt2r
r_1219,TRPt2r
r_1221,TYRt6
r_1222,TYRt7
r_1223,TYRt2r
r_1224,VALt2r
r_1225,LANOSTt
r_1226,MALtm
r_1227,MALTt2
r_1229,NADtm
r_1235,NACt
r_1237,ORNt3m
r_1238,ORNt2r
r_1239,OAAt2m
r_1241,PNTOt2
r_1242,PENDPtm
r_1243,PHEACt
r_1244,PIt2r
r_1245,PIt2m
r_1249,Kt2r
r_1250,PTRCtex2
r_1251,PTRCt3i
r_1254,PYRt2
r_1255,AMETt2
r_1256,AMETtm
r_1257,MMETt2
r_1258,NAt3_1
r_1259,SPMDtex2
r_1260,SPMDt3i
r_1262,SPRMt2i
r_1264,SUCCtm
r_1265,SUCFUMtm
r_1266,SO4ti
r_1267,SO3ti
r_1268,TAURt
r_1269,THMPPt2m
r_1270,THMt2
r_1271,UDPGALt2g
r_1272,URAt2
r_1273,UREA2t2
r_1274,URIt2
r_1276,UTPtm
r_1277,H2Ot
r_1657,ARGt2m
r_2034,PYRt2m
r_2079,TREt2
r_2132,AKGMALtm
r_2221,FA160COAabcp_1
r_2223,STCOATxc
r_2226,DOCOSCOAtxc
r_2227,LGNCCOAtcx_1
r_1542,EX_13BDglcn_e
r_1545,EX_crn_e
r_1546,EX_lac__D_e
r_1547,EX_mev__R_e
r_1548,EX_pnto__R_e
r_1549,EX_btd_RR_e
r_1550,EX_3mop_e
r_1551,EX_lac__L_e
r_1552,EX_mal__L_e
r_1553,EX_g3pi_e
r_1554,EX_pchol_cho_e
r_1563,EX_dad_2_e
r_1564,EX_dgsn_e
r_1565,EX_din_e
r_1566,EX_duri_e
r_1567,2DDA7Ptm
r_1568,2DHPtm
r_1572,EX_3c3hmp_e
r_1573,3C3HMPt
r_1574,3C3HMPtm
r_1575,2MBTOHt
r_1576,2MBTOHtm
r_1577,EX_2mbald_e
r_1578,2MBALDt
r_1579,2MBALDtm
r_1580,EX_2mbtoh_e
r_1581,EX_2mbac_e
r_1582,2MPPALt
r_1583,2MPPALtm
r_1585,2OBUTtm
r_1586,EX_akg_e
r_1589,EX_2phetoh_e
r_1590,2PHETOHt
r_1591,2PHETOHtm
r_1595,3C4MOPtm
r_1596,3MOPtm
r_1597,3MOPt
r_1598,EX_3mbald_e
r_1599,3MBALDt
r_1600,3MBALDtm
r_1601,3OPHB_5tm
r_1603,AHMMPS
r_1604,EX_4abz_e
r_1605,4ABZt
r_1606,4ABZtm
r_1607,4ABUTNtm
r_1608,4ABUTtm
r_1609,4H2OGLTtm
r_1610,4H2OGLTtp
r_1611,4HBZtm
r_1613,NTD7
r_1614,NTD6
r_1615,NTD3
r_1616,NTD8
r_1617,NTD5
r_1618,NTD1
r_1620,NTD10
r_1621,EX_5aop_e
r_1622,5AOPtm
r_1623,FTHFCLm
r_1624,FTHFI
r_1625,EX_5fthf_e
r_1627,EX_dann_e
r_1629,EX_8aonn_e
r_1630,EX_xan_e
r_1631,EX_acald_e
r_1632,ACALDtm
r_1633,ACALDt
r_1634,EX_ac_e
r_1637,ACCOAtn
r_1638,ACRNtp
r_1639,EX_ade_e
r_1640,ADEtm
r_1641,EX_pap_e
r_1642,PAPtm
r_1643,EX_adn_e
r_1647,AKGtp
r_1648,EX_alltt_e
r_1649,EX_alltn_e
r_1650,EX_tre_e
r_1651,EX_gam6p_e
r_1652,AKGMAL
r_1654,EX_nh4_e
r_1656,AMPtn
r_1658,ASNtm
r_1659,ASPGLUtp
r_1660,ATPtn
r_1663,EX_hco3_e
r_1664,HCO3Em
r_1665,HCO3En
r_1667,HCO3E
r_1668,HCO3Ee
r_1669,HCO3tn
r_1671,EX_btn_e
r_1672,EX_co2_e
r_1673,CRNtp
r_1674,CRNCARtp
r_1675,CDPtn
r_1682,CHLSTI
r_1683,EX_chol_e
r_1685,CHRPL
r_1687,EX_cit_e
r_1688,CITtcp
r_1689,CITtap
r_1690,CMPN
r_1691,CO2ter
r_1694,CO2tn
r_1695,CO2tp
r_1696,CO2tm
r_1697,CO2t
r_1698,COAtr
r_1699,COAtn
r_1700,COAtp
r_1702,EX_cytd_e
r_1703,CYTK1
r_1704,CYTK2
r_1705,EX_csn_e
r_1706,EX_arab__D_e
r_1707,ARAB_Dt
r_1708,E4Ptm
r_1709,EX_fru_e
r_1710,EX_gal_e
r_1711,EX_galur_e
r_1712,EX_sbt__D_e
r_1713,GAM6Pt
r_1714,EX_glc__D_e
r_1715,EX_man_e
r_1716,EX_rib__D_e
r_1717,SBT_Dt
r_1718,EX_xyl__D_e
r_1719,XYLt
r_1720,DADPtn
r_1721,DCDPtn
r_1722,ATPHs
r_1723,DATPHs
r_1726,DNADtn
r_1727,EX_dca_e
r_1728,DADNt4
r_1729,DADK
r_1730,EX_dcyt_e
r_1731,DCYTt
r_1732,DGSNt
r_1733,DINt
r_1734,DURIK1
r_1735,DURIt
r_1736,DPCOAK
r_1737,DGDPtn
r_1738,DHNPTtm
r_1739,DIAT
r_1743,DHFtm
r_1744,DNTPPA
r_1745,DHPTtm
r_1746,DHAPtm
r_1747,PPItx
r_1748,DOLP_ter
r_1749,EX_dttp_e
r_1750,DTTPt
r_1751,DUDPtn
r_1752,DUMPtn
r_1753,EX_epist_e
r_1754,ERGTETROLter
r_1757,EX_ergst_e
r_1758,ERGSTter
r_1761,EX_etoh_e
r_1762,ETOHt
r_1763,ETOHtm
r_1764,EX_etha_e
r_1766,FRDPtm
r_1770,FA100tp
r_1771,FA120tp
r_1772,FA140tp
r_1774,FA160tp
r_1775,FA161tp
r_1776,FA80tp
r_1777,TTDCAtr
r_1788,EX_fecost_e
r_1790,FMNATm
r_1791,EX_fmn_e
r_1792,EX_fol_e
r_1793,EX_for_e
r_1794,FORtm
r_1795,FORt
r_1796,FUMtr
r_1797,FRUK
r_1798,EX_fum_e
r_1800,EX_4abut_e
r_1801,GDPtg
r_1802,GDPtn
r_1805,GLCtv
r_1806,EX_gthox_e
r_1807,EX_gthrd_e
r_1808,EX_glyc_e
r_1809,GLYC3Ptm
r_1810,EX_gly_e
r_1811,GLYtm
r_1812,GCALDtm
r_1813,GCALDt
r_1814,EX_gcald_e
r_1815,EX_glx_e
r_1816,GLXt
r_1817,GLXtp
r_1818,EX_gua_e
r_1819,GUAtm
r_1820,EX_gsn_e
r_1821,GSNK
r_1822,GSNtm
r_1823,GSNt
r_1824,Ht
r_1825,Htr
r_1826,Htg
r_1829,HMR_1095
r_1830,Htx
r_1832,EX_h_e
r_1835,HDCAt
r_1836,HDCEAt
r_1839,H2O2tn
r_1840,HMGCOAtm
r_1841,EX_hxan_e
r_1842,HYXNt
r_1843,EX_id3acald_e
r_1844,ID3ACALDtm
r_1845,ID3ACALDt
r_1846,IND3ACtm
r_1847,EX_ins_e
r_1848,INSt
r_1849,MINOHPtn
r_1850,INSK
r_1861,EX_fe2_e
r_1862,EX_iamac_e
r_1863,IAMOHt
r_1864,IAMOHtm
r_1865,EX_iamoh_e
r_1866,EX_ibutoh_e
r_1867,EX_ibutac_e
r_1868,IBUTOHt
r_1869,IBUTOHtm
r_1870,EX_2mppal_e
r_1871,PHCHGSm
r_1872,AOBUTDs
r_1873,EX_ala__L_e
r_1874,ALAtmi
r_1875,EX_abt_e
r_1876,ABTt
r_1877,ARAB_Lt
r_1878,EX_arab__L_e
r_1879,EX_arg__L_e
r_1880,EX_asn__L_e
r_1881,EX_asp__L_e
r_1882,CRNtim
r_1883,EX_cys__L_e
r_1884,E4HGLUtm
r_1885,E4HGLUtp
r_1886,EX_sbt__L_e
r_1887,G5SADs
r_1889,EX_glu__L_e
r_1891,EX_gln__L_e
r_1893,EX_his__L_e
r_1895,r2535
r_1896,EX_hom__L_e
r_1897,EX_ile__L_e
r_1898,ILEtmi
r_1899,EX_leu__L_e
r_1900,EX_lys__L_e
r_1901,MALt
r_1902,EX_met__L_e
r_1903,EX_phe__L_e
r_1904,EX_pro__L_e
r_1905,PROtm
r_1906,EX_ser__L_e
r_1908,SBT_Lt
r_1909,EX_srb__L_e
r_1910,SRB_Lt
r_1911,EX_thr__L_e
r_1912,EX_trp__L_e
r_1913,EX_tyr__L_e
r_1914,EX_val__L_e
r_1915,EX_lanost_e
r_1916,EX_ddca_e
r_1930,MALOAAtp
r_1931,EX_malt_e
r_1932,MANNANter
r_1935,METtm
r_1936,MGSA
r_1947,EX_inost_e
r_1963,NADPtru
r_1964,NADPHtru
r_1965,NH4tm
r_1967,EX_nac_e
r_1968,EX_nmn_e
r_1970,NMNtn
r_1972,NMNP
r_1974,NDP4
r_1975,NTP4
r_1976,ACRNtm
r_1977,O2ter
r_1978,O2tm
r_1979,O2t
r_1980,O2tp
r_1981,OCDCAt
r_1984,EX_octa_e
r_1987,EX_orn_e
r_1988,OAAt
r_1989,EX_oaa_e
r_1990,GTHOXti
r_1991,TRDOXtp
r_1992,EX_o2_e
r_1993,EX_hdca_e
r_1994,EX_hdcea_e
r_1995,PMTCOAFABP1tc
r_1996,PAN4Ptm
r_1997,PTPATim
r_1998,PAPt
r_1999,EX_pectin_e
r_2000,EX_pheac_e
r_2001,EX_pacald_e
r_2002,PACALDt
r_2003,PACALDtm
r_2005,EX_pi_e
r_2020,EX_k_e
r_2022,PPPG9tm
r_2023,PRPPtm
r_2024,EX_ptrc_e
r_2025,PYDXK
r_2026,PYDAMK
r_2027,HYPOE
r_2028,EX_pydxn_e
r_2030,PMDPHT
r_2031,PYNP2r
r_2032,PPItm
r_2033,EX_pyr_e
r_2036,QULNtm
r_2037,TRDRDtp
r_2038,EX_ribflv_e
r_2039,RIBFLVtm
r_2040,r1106
r_2041,RIBt
r_2042,AHCYStm
r_2043,EX_amet_e
r_2044,EX_mmet_e
r_2045,r1435
r_2046,EX_g3pc_e
r_2049,EX_na1_e
r_2050,SPMDAT1
r_2051,EX_spmd_e
r_2052,EX_sprm_e
r_2053,SQLter
r_2054,SQ23EPXter
r_2055,EX_ocdca_e
r_2056,EX_succ_e
r_2057,SUCCt
r_2058,EX_sucr_e
r_2060,EX_so4_e
r_2061,EX_so3_e
r_2062,EX_taur_e
r_2064,THMP
r_2065,TMN
r_2066,EX_thmpp_e
r_2067,EX_thm_e
r_2068,EX_thmmp_e
r_2069,TMPK
r_2070,THZPSN2_SC
r_2071,THZPSN1_SC
r_2072,thr_mt
r_2073,EX_thymd_e
r_2074,TMDK1
r_2075,THYMDt1
r_2083,EX_ind3eth_e
r_2084,IND3ETHt
r_2085,IND3ETHtm
r_2086,r1078
r_2089,UMPtn
r_2090,EX_ura_e
r_2091,EX_urea_e
r_2092,EX_uri_e
r_2093,VALt5m
r_2094,H2Oter
r_2095,H2Otg
r_2096,H2Otm
r_2097,H2Otn
r_2098,H2Otp
r_2099,H2Otv
r_2100,EX_h2o_e
r_2101,XANt
r_2102,EX_xtsn_e
r_2103,XTSNtr
r_2104,EX_xylt_e
r_2105,XYLTt
r_2106,EX_zymst_e
r_2129,Htm
r_2184,OCTAt
r_2185,DCATDc
r_2186,r2444
r_2187,EX_but_e
r_2188,EX_hxa_e
r_2189,EX_ocdcea_e
r_2190,BUTt
r_2191,HXAt3
r_2192,OCDCEAt
r_2193,EX_ttdca_e
r_2230,HXAt2
r_4043,EX_raffin_e
r_4044,EX_melib_e
r_4046,ATPM
r_4152,HEMELm
r_4153,ACTD
r_4171,GTHRDH_syn
r_4172,CD2abc1
r_4177,3MBZALDH
r_4179,4MBZALDH
r_4180,BZALDH
r_4183,MNLDH2
r_4185,OAADC
r_4188,GGCLUT2
r_4190,SPODMm
r_4191,2DOXG6PP
r_4197,FCYTOB5OXR_m
r_4202,METSOXR1
r_4205,OPAH
r_4208,GTHDH
r_4212,PYDXS
r_4214,AMPTASECG
r_4216,ACP1_FMN
r_4221,RE1317C
r_4222,GALK2
r_4224,NAabcO
r_4226,ALATA_L
r_4227,AMID2
r_4228,AMID3
r_4230,AMID5
r_4232,GNK
r_4236,GLYOX3
r_4248,SERD_D
r_4249,CYSS_m
r_4254,NODOx
r_4255,NODOy
r_4262,ACONTm
r_4266,NTPP5
r_4267,NTPP1
r_4268,NTPP7
r_4270,SPODM
r_4274,SHSL4r
r_4282,PFK26_1
r_4284,GLUK_syn
r_4285,GLUKA
r_4286,HEX10
r_4287,ABFPT
r_4288,G6PI_1
r_4291,GLYALDDr
r_4292,4ABUTD
r_4293,ABUTD
r_4294,ALDD20x
r_4296,ALDD32
r_4300,r0688
r_4302,NABTNO
r_4315,GLYCLTDx
r_4317,SUCR
r_4326,CYANSTm
r_4329,HMR_9626
r_4330,PYDXOR
r_4332,CHOLtu
r_4335,NTP2
r_4336,r0085
r_4342,G2PP
r_4347,3NUCLE4
r_4348,3GMPt6
r_4349,2PGLYCt6
r_4350,PGLYCP
r_4355,RE2034C
r_4359,3NUCLE2
r_4360,3UMPt6
r_4366,ARGKr
r_4367,ARGPt6
r_4376,3NUCLE1
r_4379,PALAt2
r_4384,5DGLCNR
r_4391,MEOHt2
r_4395,TAGAT_Dt
r_4396,AACOAT
r_4397,RE2640C
r_4400,MLTG1e
r_4406,PSER_Dt6
r_4407,PSP_D
r_4432,FDMO
r_4442,EX_cysam_e
r_4444,2PGt6
r_4445,3PGt6
r_4450,PSER_Lt6
r_4451,GMPt6
r_4455,PEPt6
r_4458,6PGCt6
r_4459,MAN1Pt6
r_4461,CHOLPtr
r_4462,TSULt
r_4463,AMPt6
r_4466,CMPt6
r_4467,GAMt1r
r_4468,DRIBt
r_4469,CITRt2r
r_4470,DHAt
r_4475,ACGLUtd
r_4476,ACGLUtm
r_4477,LPAMt
r_4484,SHSL2
r_4485,34HPPOR
r_4486,HGNTOR
r_4487,MACACI
r_4488,FUMAC
r_4489,ABTD
r_4490,XYLUR
r_4492,ABTDG
r_4494,EX_meoh_e
r_4496,EX_L_alagly_e
r_4498,EX_pala_e
r_4499,EX_5dglcn_e
r_4500,EX_tag__D_e
r_4502,EX_g6p_e
r_4503,EX_malttr_e
r_4504,EX_g1p_e
r_4505,EX_madg_e
r_4506,EX_gam_e
r_4507,EX_dha_e
r_4508,EX_ala_L_gln__L_e
r_4510,EX_gly_gln__L_e
r_4511,EX_ala_L_his__L_e
r_4512,EX_gly_asn__L_e
r_4513,EX_LalaLglu_e
r_4514,EX_gly_met__L_e
r_4515,EX_ala_L_asp__L_e
r_4516,EX_gly_glu__L_e
r_4517,EX_ala_L_Thr__L_e
r_4518,EX_met_L_ala__L_e
r_4519,EX_citr__L_e
r_4520,EX_C02356_e
r_4521,EX_cholp_e
r_4523,EX_2pg_e
r_4524,EX_gmp_e
r_4525,EX_pser__L_e
r_4526,EX_pser__D_e
r_4527,EX_ppi_e
r_4529,EX_pep_e
r_4530,EX_argp_e
r_4532,EX_ethamp_e
r_4535,EX_glyc2p_e
r_4536,EX_3gmp_e
r_4537,EX_2pglyc_e
r_4538,EX_6pgc_e
r_4539,EX_man6p_e
r_4540,EX_23cgmp_e
r_4541,EX_tyrp_e
r_4542,EX_thrp_e
r_4543,EX_3pg_e
r_4545,EX_3amp_e
r_4546,EX_23camp_e
r_4547,EX_man1p_e
r_4548,EX_amp_e
r_4549,EX_C02712_e
r_4550,EX_metsox_S__L_e
r_4552,EX_CE1310_e
r_4553,EX_Lcyst_e
r_4554,EX_isetac_e
r_4555,EX_acac_e
r_4556,EX_acglu_e
r_4557,EX_ump_e
r_4558,EX_cmp_e
r_4563,EX_3ump_e
r_4564,EX_23ccmp_e
r_4565,EX_23cump_e
r_4573,MMSAD3
r_4579,ACLS
r_4580,KARA1
r_4581,ERTHMMOR
r_4583,FACOAE1829Z12Z
r_4584,FACOAL1821
r_4585,STACHGALACT
r_4588,Clt
r_4590,MNt2
r_4591,r2073_1
r_4593,EX_cl_e
r_4594,EX_cu2_e
r_4595,EX_mn2_e
r_4596,EX_zn2_e
r_4597,EX_mg2_e
r_4600,EX_ca2_e
