s_0001[ce],13BDglcn
s_0002[c],13BDglcn
s_0003[e],13BDglcn
s_0004[ce],16BDglcn
s_0006[m],2ahhmd
s_0007[c],aconm
s_0008[m],23dhmp
s_0009[c],3c2hmp
s_0010[c],3c4mop
s_0011[m],3c4mop
s_0012[m],micit
s_0015[c],argsuc
s_0016[m],23dhmb
s_0017[c],4ppan
s_0018[c],5dpmev
s_0019[c],5pmev
s_0020[c],actn__R
s_0021[c],crn
s_0022[e],crn
s_0023[m],crn
s_0024[p],crn
s_0025[c],lac__D
s_0026[e],lac__D
s_0027[m],lac__D
s_0028[c],mev__R
s_0029[e],mev__R
s_0030[c],pant__R
s_0031[c],pnto__R
s_0032[e],pnto__R
s_0033[c],lgt__S
s_0034[m],lgt__S
s_0035[c],btd_RR
s_0036[e],btd_RR
s_0037[c],Ssq23epx
s_0038[er],Ssq23epx
s_0039[m],2ahbut
s_0042[p],3hdcoa
s_0048[p],3hddcoa
s_0051[p],3hhdcoa
s_0054[p],3htdcoa
s_0056[c],3mop
s_0058[e],3mop
s_0060[m],3mop
s_0061[c],dhor__S
s_0062[c],lald__L
s_0063[c],lac__L
s_0064[e],lac__L
s_0065[m],lac__L
s_0066[c],mal__L
s_0067[e],mal__L
s_0068[m],mal__L
s_0069[p],mal__L
s_0075[c],13dpg
s_0076[c],2cpr5p
s_0077[c],prfp
s_0078[c],prbamp
s_0079[c],g3pi
s_0080[e],g3pi
s_0084[e],pchol_cho
s_0086[c],3ig3p
s_0087[c],1mncam
s_0089[c],pail_cho
s_0116[c],1p3h5c
s_0117[m],1p3h5c
s_0118[c],1pyr5c
s_0119[m],1pyr5c
s_0120[c],10fthf
s_0121[m],10fthf
s_0122[c],44mzym
s_0123[n],mi1345p
s_0124[n],mi3456p
s_0125[n],mi145p
s_0126[c],mi1p__D
s_0127[er],mi1p__D
s_0129[m],mi3p__D
s_0131[c],23camp
s_0132[c],dad_2
s_0133[e],dad_2
s_0134[c],dgsn
s_0135[e],dgsn
s_0136[c],din
s_0137[e],din
s_0138[c],duri
s_0139[e],duri
s_0140[c],23dpg
s_0141[c],25drapp
s_0142[c],25dthpp
s_0143[c],caphis
s_0144[c],cmaphis
s_0145[m],acg5sa
s_0147[c],cmusa
s_0148[m],6hmhpt
s_0149[c],2dhp
s_0150[m],2dhp
s_0152[c],drib
s_0153[c],2dr5p
s_0154[m],2hpmhmbq
s_0155[m],2hp6mbq
s_0156[m],2hpmmbq
s_0157[m],2hp6mp
s_0158[c],db4p
s_0161[er],2hhxdal
s_0162[c],3c3hmp
s_0163[e],3c3hmp
s_0164[m],3c3hmp
s_0165[c],2ippm
s_0166[c],2mbald
s_0167[e],2mbald
s_0168[m],2mbald
s_0169[c],2mbtoh
s_0170[e],2mbtoh
s_0171[m],2mbtoh
s_0172[c],2mbac
s_0173[e],2mbac
s_0174[m],2mcit
s_0176[c],2oxoadp
s_0177[m],2oxoadp
s_0178[c],2obut
s_0179[m],2obut
s_0180[c],akg
s_0181[e],akg
s_0182[m],akg
s_0183[n],akg
s_0184[p],akg
s_0185[c],2phetoh
s_0186[e],2phetoh
s_0187[m],2phetoh
s_0188[c],2pg
s_0189[c],ggdp
s_0190[c],frdp
s_0191[m],frdp
s_0192[c],camp
s_0193[c],35ccmp
s_0194[c],35cdamp
s_0195[c],35cgmp
s_0196[c],35cimp
s_0197[c],dpcoa
s_0200[m],dpcoa
s_0201[c],paps
s_0204[c],34hpp
s_0206[p],34hpp
s_0207[c],imacp
s_0208[c],aproa
s_0210[c],3dhq
s_0211[c],3dhsk
s_0212[c],3dh5hpb
s_0213[m],3dh5hpb
s_0214[m],3hph5mb
s_0215[c],3ophb_5
s_0216[m],3ophb_5
s_0218[c],hmgcoa
s_0221[m],hmgcoa
s_0222[c],hLkynr
s_0224[c],3hanthrn
s_0229[p],CE2248
s_0231[er],3dsphgn
s_0232[c],3mob
s_0233[m],3mob
s_0234[c],3mbald
s_0235[e],3mbald
s_0236[m],3mbald
s_0239[p],3odcoa
s_0243[p],3ohxccoa
s_0247[p],3oddcoa
s_0250[p],3ohodcoa
s_0253[p],3ohdcoa
s_0257[p],3otdcoa
s_0258[c],3php
s_0259[c],pser__L
s_0260[c],3pg
s_0261[c],skm5p
s_0262[c],44mctr
s_0264[c],phthr
s_0267[c],2mahmp
s_0268[c],4ampm
s_0269[c],4adcho
s_0270[c],4ahmmp
s_0271[c],4abz
s_0272[e],4abz
s_0273[m],4abz
s_0274[c],4abutn
s_0275[m],4abutn
s_0280[c],4gudbd
s_0281[c],4gudbutn
s_0282[c],4h2oglt
s_0283[m],4h2oglt
s_0284[p],4h2oglt
s_0285[c],4hthr
s_0286[c],4hbz
s_0287[m],4hbz
s_0290[m],4hbzcoa
s_0291[c],4mop
s_0292[m],4mop
s_0293[c],4mpetz
s_0294[c],4met2obut
s_0295[c],4pasp
s_0296[c],4mzym
s_0298[c],aps
s_0299[c],25aics
s_0300[c],air
s_0301[c],fgam
s_0302[c],fpram
s_0303[c],5mta
s_0304[c],methf
s_0305[m],methf
s_0306[c],mlthf
s_0307[m],mlthf
s_0308[c],thfglu
s_0310[c],4mhetz
s_0311[c],dkmpp
s_0312[c],prlp
s_0313[c],5aprbu
s_0314[c],4r5au
s_0315[c],5aop
s_0316[e],5aop
s_0317[m],5aop
s_0318[c],ppmi12346p
s_0319[c],5fthf
s_0320[e],5fthf
s_0321[m],5fthf
s_0322[c],5mthf
s_0323[c],mhpglu
s_0324[c],3psme
s_0325[c],gar
s_0326[c],prbatp
s_0327[c],pram
s_0328[c],dmlz
s_0329[er],gpail_hs
s_0331[er],acgpail_hs
s_0335[c],6pgl
s_0340[c],6pgc
s_0341[c],dann
s_0342[e],dann
s_0343[c],dhnpt
s_0344[m],dhnpt
s_0345[c],dhpmp
s_0346[c],ahdt
s_0347[c],dhpt
s_0348[m],dhpt
s_0349[c],2dda7p
s_0350[m],2dda7p
s_0352[c],8aonn
s_0354[e],8aonn
s_0357[c],xan
s_0358[e],xan
s_0359[c],acald
s_0360[e],acald
s_0361[m],acald
s_0362[c],ac
s_0363[er],ac
s_0364[e],ac
s_0365[m],ac
s_0366[n],ac
s_0367[c],aacoa
s_0370[m],aacoa
s_0372[m],acACP
s_0373[c],accoa
s_0376[m],accoa
s_0377[n],accoa
s_0378[p],accoa
s_0383[c],ade
s_0384[e],ade
s_0385[m],ade
s_0386[c],adn
s_0387[e],adn
s_0389[c],amp2p
s_0390[c],pap
s_0391[e],pap
s_0392[m],pap
s_0393[c],dcamp
s_0394[c],adp
s_0395[er],adp
s_0397[m],adp
s_0398[n],adp
s_0399[p],adp
s_0402[n],adprib
s_0403[c],aicar
s_0404[c],alatrna
s_0405[c],alltt
s_0406[e],alltt
s_0407[c],alltn
s_0408[e],alltn
s_0409[c],tre6p
s_0410[c],gal1p
s_0411[c],gam1p
s_0412[c],gam6p
s_0413[e],gam6p
s_0415[c],r1p
s_0416[m],r1p
s_0417[c],aacald
s_0418[c],aact
s_0419[c],nh4
s_0420[e],nh4
s_0421[m],nh4
s_0423[c],amp
s_0424[m],amp
s_0425[n],amp
s_0426[p],amp
s_0427[c],anth
s_0428[c],argtrna
s_0429[m],argtrna
s_0430[c],asntrna
s_0431[m],asntrna
s_0432[c],asptrna
s_0433[m],asptrna
s_0434[c],atp
s_0435[er],atp
s_0437[m],atp
s_0438[n],atp
s_0439[p],atp
s_0441[c],ala_B
s_0442[c],f26bp
s_0443[c],mpdol
s_0444[g],mpdol
s_0445[c],hco3
s_0446[e],hco3
s_0447[m],hco3
s_0448[n],hco3
s_0450[c],biomass
s_0451[c],btn
s_0452[e],btn
s_0453[c],btamp
s_0454[m],b124tc
s_0455[c],cbp
s_0456[c],co2
s_0457[er],co2
s_0458[e],co2
s_0460[m],co2
s_0461[n],co2
s_0462[p],co2
s_0465[m],malACP
s_0467[c],cdp
s_0468[n],cdp
s_0469[c],cdpchol
s_0474[c],cdpea
s_0475[er],cer1_24
s_0476[g],cer1_24
s_0477[m],cer1_24
s_0478[er],cer1_26
s_0479[g],cer1_26
s_0480[m],cer1_26
s_0481[er],cer2_24
s_0482[g],cer2_24
s_0483[m],cer2_24
s_0484[er],cer2_26
s_0485[g],cer2_26
s_0486[m],cer2_26
s_0493[er],cer3_24
s_0494[g],cer3_24
s_0495[m],cer3_24
s_0496[er],cer3_26
s_0497[g],cer3_26
s_0498[m],cer3_26
s_0507[er],hexc
s_0509[c],chtn
s_0510[ce],chitos
s_0511[ce],chol
s_0512[c],chol
s_0513[e],chol
s_0514[c],cholp
s_0515[c],chor
s_0516[c],acon_C
s_0517[m],acon_C
s_0522[c],cit
s_0523[e],cit
s_0524[m],cit
s_0525[p],cit
s_0526[c],cmp
s_0528[m],cmp
s_0529[c],coa
s_0530[er],coa
s_0531[lp],coa
s_0532[m],coa
s_0533[n],coa
s_0534[p],coa
s_0538[c],cpppg3
s_0539[c],ctp
s_0541[m],ctp
s_0542[c],cystrna
s_0543[c],cytd
s_0544[e],cytd
s_0545[c],csn
s_0546[e],csn
s_0547[c],Dara14lac
s_0548[c],arab__D
s_0549[e],arab__D
s_0550[c],eig3p
s_0551[c],e4p
s_0552[m],e4p
s_0553[c],fru
s_0554[e],fru
s_0555[c],fdp
s_0556[c],f1p
s_0557[c],f6p
s_0558[c],gal
s_0559[e],gal
s_0560[e],galur
s_0561[c],sbt__D
s_0562[e],sbt__D
s_0563[c],glc__D
s_0565[e],glc__D
s_0566[v],glc__D
s_0567[c],g1p
s_0568[c],g6p
s_0570[c],glyald
s_0571[c],man
s_0572[e],man
s_0573[c],man1p
s_0574[c],man6p
s_0575[c],rib__D
s_0576[e],rib__D
s_0577[c],ru5p__D
s_0578[c],xyl__D
s_0579[e],xyl__D
s_0580[c],xylu__D
s_0581[c],xu5p__D
s_0582[c],dadp
s_0583[n],dadp
s_0584[c],damp
s_0585[m],damp
s_0586[c],datp
s_0587[c],dcdp
s_0588[n],dcdp
s_0589[c],dcmp
s_0590[c],dctp
s_0591[c],dnad
s_0593[n],dnad
s_0595[c],dca
s_0597[e],dca
s_0600[p],dca
s_0605[p],dccoa
s_0606[lp],decdp
s_0610[c],dcyt
s_0611[e],dcyt
s_0612[c],dtbt
s_0613[c],dgdp
s_0614[n],dgdp
s_0615[c],dgmp
s_0616[m],dgmp
s_0617[c],dgtp
s_0618[c],didp
s_0620[er],dag_hs
s_0625[c],dhf
s_0626[m],dhf
s_0627[m],dhlam
s_0628[m],dhlpro
s_0629[c],dhap
s_0631[lp],dhap
s_0632[m],dhap
s_0633[c],ppi
s_0635[lp],ppi
s_0636[m],ppi
s_0637[n],ppi
s_0638[p],ppi
s_0639[c],ditp
s_0642[c],dolichol
s_0644[er],dolmanp
s_0645[c],dolp
s_0646[er],dolp
s_0647[c],dtdp
s_0649[c],dtmp
s_0650[c],dttp
s_0651[e],dttp
s_0652[c],dudp
s_0653[n],dudp
s_0654[c],dump
s_0655[n],dump
s_0656[c],dutp
s_0657[c],epist
s_0659[e],epist
s_0662[c],ergtetrol
s_0663[er],ergtetrol
s_0664[c],ergtrol
s_0665[ce],ergst
s_0666[c],ergst
s_0667[er],ergst
s_0668[e],ergst
s_0669[lp],ergst
s_0670[c],ergst3glc
s_0677[c],e4hglu
s_0678[m],e4hglu
s_0679[p],e4hglu
s_0680[c],etoh
s_0681[e],etoh
s_0682[m],etoh
s_0683[c],etha
s_0684[e],etha
s_0687[c],fad
s_0688[m],fad
s_0689[c],fadh2
s_0690[m],fadh2
s_0692[lp],frdp
s_0699[ce],fecost
s_0700[c],fecost
s_0702[e],fecost
s_0703[lp],fecost
s_0709[m],ficytc
s_0710[m],focytc
s_0712[m],pheme
s_0713[m],fmettrna
s_0714[c],fmn
s_0715[e],fmn
s_0716[m],fmn
s_0717[c],fmnh2
s_0719[c],fol
s_0720[e],fol
s_0721[c],fald
s_0722[c],for
s_0723[e],for
s_0724[m],for
s_0725[c],fum
s_0726[e],fum
s_0727[m],fum
s_0734[c],4abut
s_0736[e],4abut
s_0738[m],4abut
s_0739[c],gdp
s_0740[g],gdp
s_0741[m],gdp
s_0742[n],gdp
s_0743[c],gdpmann
s_0744[g],gdpmann
s_0745[c],grdp
s_0746[lp],ggdp
s_0747[c],glntrna
s_0748[c],glutrna
s_0749[m],glutrna
s_0750[c],gthrd
s_0751[e],gthrd
s_0752[m],gthrd
s_0753[v],gthrd
s_0754[c],gthox
s_0755[e],gthox
s_0756[m],gthox
s_0757[c],glytrna
s_0764[c],g3p
s_0765[c],glyc
s_0766[e],glyc
s_0767[c],glyc3p
s_0769[lp],glyc3p
s_0770[m],glyc3p
s_0771[c],dha
s_0773[c],glycogen
s_0774[v],glycogen
s_0775[c],gcald
s_0776[e],gcald
s_0777[m],gcald
s_0779[c],glx
s_0780[e],glx
s_0781[p],glx
s_0782[c],gmp
s_0783[g],gmp
s_0785[c],gtp
s_0786[m],gtp
s_0787[c],gua
s_0788[e],gua
s_0789[m],gua
s_0790[c],gsn
s_0791[e],gsn
s_0792[m],gsn
s_0793[ce],h
s_0794[c],h
s_0795[er],h
s_0796[e],h
s_0797[g],h
s_0798[lp],h
s_0799[m],h
s_0800[n],h
s_0801[p],h
s_0802[v],h
s_0803[c],h2o
s_0804[er],h2o
s_0805[e],h2o
s_0806[g],h2o
s_0807[m],h2o
s_0808[n],h2o
s_0809[p],h2o
s_0810[v],h2o
s_0811[m],hemeA
s_0812[m],hemeO
s_0815[lp],hepdp
s_0816[c],hexccoa
s_0817[er],hexccoa
s_0819[p],hexccoa
s_0823[p],hdd2coa
s_0825[er],hxdcal
s_0826[e],hxdcal
s_0830[lp],hexdp
s_0831[m],hexdp
s_0832[c],histrna
s_0833[m],histrna
s_0836[m],hicit
s_0837[c],h2o2
s_0838[m],h2o2
s_0839[n],h2o2
s_0840[p],h2o2
s_0841[c],h2s
s_0843[c],hxan
s_0844[e],hxan
s_0846[c],idp
s_0847[c],iletrna
s_0848[m],iletrna
s_0849[c],imp
s_0850[c],id3acald
s_0851[e],id3acald
s_0852[m],id3acald
s_0853[c],ind3ac
s_0854[m],ind3ac
s_0855[c],indpyr
s_0856[c],ins
s_0857[e],ins
s_0924[c],fe2
s_0925[e],fe2
s_0926[m],fe2
s_0927[c],iamac
s_0928[e],iamac
s_0929[c],iamoh
s_0930[e],iamoh
s_0931[m],iamoh
s_0932[c],ibutoh
s_0933[e],ibutoh
s_0934[m],ibutoh
s_0935[c],ibutac
s_0936[e],ibutac
s_0937[c],2mppal
s_0938[e],2mppal
s_0939[m],2mppal
s_0940[c],icit
s_0941[m],icit
s_0942[p],icit
s_0943[c],ipdp
s_0944[lp],ipdp
s_0945[m],ipdp
s_0946[m],itacon
s_0949[m],itaccoa
s_0950[c],itp
s_0951[c],phpyr
s_0952[c],2aobut
s_0953[c],L2aadp
s_0954[m],4hglusa
s_0955[c],ala__L
s_0956[e],ala__L
s_0957[m],ala__L
s_0958[c],athr__L
s_0959[c],L2aadp6sa
s_0960[c],2amsa
s_0961[c],abt
s_0962[e],abt
s_0963[c],arab__L
s_0964[e],arab__L
s_0965[c],arg__L
s_0966[e],arg__L
s_0967[m],arg__L
s_0968[v],arg__L
s_0969[c],asn__L
s_0970[e],asn__L
s_0971[m],asn__L
s_0972[v],asn__L
s_0973[c],asp__L
s_0974[e],asp__L
s_0975[m],asp__L
s_0976[p],asp__L
s_0977[v],asp__L
s_0978[c],aspsa
s_0979[c],citr__L
s_0980[c],cyst__L
s_0981[c],cys__L
s_0982[e],cys__L
s_0983[c],cgly
s_0984[c],cysi__L
s_0985[v],cysi__L
s_0986[c],glu5p
s_0987[c],gluala
s_0988[c],glucys
s_0989[c],sbt__L
s_0990[e],sbt__L
s_0991[c],glu__L
s_0992[e],glu__L
s_0993[m],glu__L
s_0994[n],glu__L
s_0995[p],glu__L
s_0996[v],glu__L
s_0997[c],glu5sa
s_0999[c],gln__L
s_1000[e],gln__L
s_1001[n],gln__L
s_1002[v],gln__L
s_1003[c],gly
s_1004[e],gly
s_1005[m],gly
s_1006[c],his__L
s_1007[e],his__L
s_1008[m],his__L
s_1009[v],his__L
s_1010[c],histd
s_1011[c],hisp
s_1012[c],hcys__L
s_1014[c],hom__L
s_1015[e],hom__L
s_1016[c],ile__L
s_1017[e],ile__L
s_1018[m],ile__L
s_1019[v],ile__L
s_1020[c],Lkynr
s_1021[c],leu__L
s_1022[e],leu__L
s_1023[m],leu__L
s_1024[v],leu__L
s_1025[c],lys__L
s_1026[e],lys__L
s_1027[m],lys__L
s_1028[v],lys__L
s_1029[c],met__L
s_1030[e],met__L
s_1031[m],met__L
s_1032[c],phe__L
s_1033[e],phe__L
s_1034[m],phe__L
s_1035[c],pro__L
s_1036[e],pro__L
s_1037[m],pro__L
s_1038[c],saccrp__L
s_1039[c],ser__L
s_1040[er],ser__L
s_1041[e],ser__L
s_1042[m],ser__L
s_1043[c],srb__L
s_1044[e],srb__L
s_1045[c],thr__L
s_1046[e],thr__L
s_1047[m],thr__L
s_1048[c],trp__L
s_1049[e],trp__L
s_1050[m],trp__L
s_1051[c],tyr__L
s_1052[e],tyr__L
s_1053[m],tyr__L
s_1054[p],tyr__L
s_1055[v],tyr__L
s_1056[c],val__L
s_1057[e],val__L
s_1058[m],val__L
s_1059[c],lanost
s_1061[e],lanost
s_1065[c],ddca
s_1067[e],ddca
s_1070[p],ddca
s_1073[c],ddcacoa
s_1076[p],ddcacoa
s_1077[c],leutrna
s_1078[m],leutrna
s_1079[c],leuktrA4
s_1080[n],leuktrA4
s_1081[c],leuktrB4
s_1082[n],leuktrB4
s_1085[er],lgnc
s_1097[m],lpam
s_1098[m],lpro
s_1099[c],lystrna
s_1100[m],lystrna
s_1101[c],malcoa
s_1104[m],malcoa
s_1105[c],malt
s_1106[e],malt
s_1107[c],mannan
s_1108[er],mannan
s_1109[er],man2mi1p__D
s_1110[m],man2mi1p__D
s_1111[er],manmi1p__D
s_1112[m],manmi1p__D
s_1148[c],mettrna
s_1149[m],mettrna
s_1150[c],ch4s
s_1151[c],mthgxl
s_1153[c],inost
s_1154[e],inost
s_1156[c],inospp1
s_1157[n],inospp1
s_1158[c],minohp
s_1159[n],minohp
s_1161[c],ttdca
s_1163[e],ttdca
s_1166[p],ttdca
s_1176[c],tdcoa
s_1179[p],tdcoa
s_1180[c],N1aspmd
s_1181[c],N1sprm
s_1182[m],acorn
s_1183[c],NPmehis
s_1184[c],chito2pdol
s_1187[c],pran
s_1188[c],4ppcys
s_1189[c],acgal1p
s_1190[c],acgam6p
s_1191[m],acg5p
s_1192[m],acglu
s_1193[c],aprut
s_1194[c],cbasp
s_1195[c],Lfmkynr
s_1196[c],Nfortyr
s_1198[c],nad
s_1199[er],nad
s_1200[m],nad
s_1201[n],nad
s_1202[p],nad
s_1203[c],nadh
s_1204[er],nadh
s_1205[m],nadh
s_1206[p],nadh
s_1207[c],nadp
s_1208[er],nadp
s_1210[m],nadp
s_1211[p],nadp
s_1212[c],nadph
s_1213[er],nadph
s_1214[m],nadph
s_1215[p],nadph
s_1216[c],ncam
s_1217[n],ncam
s_1218[c],rnam
s_1219[c],nac
s_1220[e],nac
s_1221[m],nac
s_1222[c],nicrnt
s_1223[m],nicrnt
s_1224[c],nmn
s_1225[e],nmn
s_1227[n],nmn
s_1228[p],nmn
s_1233[c],achms
s_1234[c],acser
s_1235[c],acrn
s_1236[m],acrn
s_1237[p],acrn
s_1238[c],phom
s_1239[c],ethamp
s_1240[er],ethamp
s_1241[c],suchms
s_1248[c],octa
s_1250[e],octa
s_1253[p],octa
s_1258[p],occoa
s_1259[lp],octdp
s_1260[c],ocdcea
s_1262[c],ocdce9coa
s_1265[p],ocdce9coa
s_1266[c],orn
s_1267[e],orn
s_1268[m],orn
s_1269[c],orot
s_1270[c],orot5p
s_1271[c],oaa
s_1272[e],oaa
s_1273[m],oaa
s_1274[p],oaa
s_1275[c],o2
s_1276[er],o2
s_1277[e],o2
s_1278[m],o2
s_1279[p],o2
s_1282[c],ap4a
s_1283[c],gp4g
s_1284[c],ap4g
s_1286[c],hdca
s_1288[e],hdca
s_1291[p],hdca
s_1293[c],hdcea
s_1295[e],hdcea
s_1298[p],hdcea
s_1302[c],pmtcoa
s_1303[er],pmtcoa
s_1305[p],pmtcoa
s_1307[c],pan4p
s_1308[m],pan4p
s_1309[e],pectin
s_1311[c],pendp
s_1312[lp],pendp
s_1313[m],pendp
s_1314[c],phetrna
s_1315[m],phetrna
s_1316[c],pheac
s_1317[e],pheac
s_1318[c],pacald
s_1319[e],pacald
s_1320[m],pacald
s_1321[c],pac
s_1322[c],pi
s_1323[er],pi
s_1324[e],pi
s_1325[g],pi
s_1326[m],pi
s_1329[v],pi
s_1337[c],ps_cho
s_1346[c],pchol_cho
s_1351[c],pe_hs
s_1352[er],pe_hs
s_1360[c],pep
s_1361[m],pep
s_1364[c],5aizc
s_1365[c],fprica
s_1366[er],psphings
s_1367[er],psph1p
s_1368[c],pmcoa
s_1372[c],ppbng
s_1373[c],k
s_1374[e],k
s_1375[c],dscl
s_1376[c],dmpp
s_1377[c],pphn
s_1378[c],hmbil
s_1379[c],protrna
s_1382[m],ppcoa
s_1383[m],ppp9
s_1384[c],pppg9
s_1385[m],pppg9
s_1386[c],prpp
s_1387[m],prpp
s_1389[c],ptrc
s_1390[e],ptrc
s_1391[v],ptrc
s_1392[c],pydx
s_1393[c],pydx5p
s_1394[c],pydam
s_1395[c],pyam5p
s_1396[c],pydxn
s_1397[e],pydxn
s_1398[c],pdx5p
s_1399[c],pyr
s_1400[e],pyr
s_1401[m],pyr
s_1403[c],quln
s_1404[m],quln
s_1405[c],ribflv
s_1406[e],ribflv
s_1407[m],ribflv
s_1408[c],r5p
s_1409[m],alpam
s_1410[m],alpro
s_1411[m],sdhlam
s_1412[c],amob
s_1413[c],ahcys
s_1415[m],ahcys
s_1416[c],amet
s_1418[e],amet
s_1419[m],amet
s_1420[c],ametam
s_1421[c],Sfglutth
s_1422[c],5mdr1p
s_1423[c],5mdru1p
s_1424[c],mmet
s_1425[e],mmet
s_1426[c],s17bp
s_1427[c],s7p
s_1428[c],sertrna
s_1429[c],skm
s_1430[c],sheme
s_1431[c],scl
s_1432[ce],g3pc
s_1433[c],g3pc
s_1435[e],g3pc
s_1437[c],na1
s_1438[e],na1
s_1439[c],spmd
s_1440[e],spmd
s_1441[v],spmd
s_1442[c],sprm
s_1443[e],sprm
s_1444[v],sprm
s_1445[er],sphgn
s_1446[er],sph1p
s_1447[c],sql
s_1448[er],sql
s_1449[c],ocdca
s_1450[e],ocdca
s_1451[p],ocdca
s_1454[c],stcoa
s_1457[p],stcoa
s_1458[c],succ
s_1459[e],succ
s_1460[m],succ
s_1461[c],sucsal
s_1464[m],succoa
s_1466[e],sucr
s_1467[c],so4
s_1468[e],so4
s_1469[c],so3
s_1470[e],so3
s_1471[c],taur
s_1472[e],taur
s_1473[c],tchola
s_1474[v],tchola
s_1475[c],thmpp
s_1476[e],thmpp
s_1477[m],thmpp
s_1479[c],ttccoa
s_1480[er],ttccoa
s_1482[p],ttccoa
s_1486[c],hpglu
s_1487[c],thf
s_1488[m],thf
s_1489[c],thm
s_1490[e],thm
s_1491[c],thrtrna
s_1492[m],thrtrna
s_1493[c],thymd
s_1494[e],thymd
s_1497[c],thmmp
s_1498[e],thmmp
s_1503[c],acon_T
s_1504[m],acon_T
s_1507[p],dc2coa
s_1510[p],dd2coa
s_1513[p],hxc2coa
s_1516[p],od2coa
s_1519[p],td2coa
s_1520[c],tre
s_1521[e],tre
s_1522[v],tre
s_1524[c],tag_cho
s_1527[c],trptrna
s_1528[m],trptrna
s_1529[c],ind3eth
s_1530[e],ind3eth
s_1531[m],ind3eth
s_1532[c],thmtp
s_1533[c],tyrtrna
s_1534[m],tyrtrna
s_1537[m],q6
s_1538[c],udp
s_1539[g],udp
s_1540[n],udp
s_1541[c],udpgal
s_1542[g],udpgal
s_1543[c],udpg
s_1544[c],uacgam
s_1545[c],ump
s_1546[g],ump
s_1547[m],ump
s_1548[n],ump
s_1549[lp],udcpdp
s_1550[c],ura
s_1551[e],ura
s_1552[c],urea
s_1553[e],urea
s_1554[c],allphn
s_1555[c],urdglyc
s_1556[c],uri
s_1557[e],uri
s_1558[c],uppg3
s_1559[c],utp
s_1560[m],utp
s_1561[c],valtrna
s_1562[m],valtrna
s_1563[c],xtsn
s_1564[e],xtsn
s_1565[c],xmp
s_1566[c],xylt
s_1567[e],xylt
s_1568[ce],zymst
s_1569[c],zymst
s_1571[e],zymst
s_1572[lp],zymst
s_1576[c],M00963
s_1577[c],M00959
s_1579[c],M01067
s_1582[c],trnaala
s_1583[c],trnaarg
s_1584[m],trnaarg
s_1585[c],trnaasn
s_1586[m],trnaasn
s_1587[c],trnaasp
s_1588[m],trnaasp
s_1589[c],trnacys
s_1590[c],trnagln
s_1591[c],trnaglu
s_1592[m],trnaglu
s_1593[c],trnagly
s_1594[c],trnahis
s_1595[m],trnahis
s_1596[c],trnaile
s_1597[m],trnaile
s_1598[c],trnaleu
s_1599[m],trnaleu
s_1600[c],trnalys
s_1601[m],trnalys
s_1602[c],trnamet
s_1603[m],trnamet
s_1604[c],trnaphe
s_1605[m],trnaphe
s_1606[c],trnapro
s_1607[c],trnaser
s_1608[c],trnathr
s_1609[m],trnathr
s_1610[c],trnatrp
s_1611[m],trnatrp
s_1612[c],trnatyr
s_1613[m],trnatyr
s_1614[c],trnaval
s_1615[m],trnaval
s_1616[c],trdrd
s_1617[m],trdrd
s_1618[n],trdrd
s_1619[p],trdrd
s_1620[c],trdox
s_1621[m],trdox
s_1622[n],trdox
s_1623[p],trdox
s_2763[c],kynate
s_1845[m],ACP
s_2766[e],44mzym
s_2768[e],ergtetrol
s_2770[m],actACP
s_2772[m],3ohexACP
s_2774[m],3ooctACP
s_2775[m],3hbutACP
s_2776[m],3hhexACP
s_2777[m],3hoctaACP
s_2779[m],thex2eACP
s_2780[m],toct2eACP
s_2781[erm],ddcacoa
s_2782[erm],malcoa
s_2783[erm],h
s_2784[erm],co2
s_2785[erm],coa
s_2786[erm],3otdcoa
s_2787[erm],tdcoa
s_2788[erm],3ohdcoa
s_2789[erm],pmtcoa
s_2790[erm],3ohodcoa
s_2791[erm],stcoa
s_2792[erm],CE2251
s_2793[erm],arachcoa
s_2794[erm],CE2250
s_2795[erm],docoscoa
s_2796[erm],CE2253
s_2797[erm],ttccoa
s_2798[erm],3ohxccoa
s_2799[erm],nadph
s_2800[erm],nadp
s_2801[erm],3htdcoa
s_2802[erm],3hhdcoa
s_2803[erm],CE2248
s_2804[erm],CE2247
s_2805[erm],CE2246
s_2806[erm],CE2249
s_2808[erm],h2o
s_2809[erm],td2coa
s_2810[erm],hdd2coa
s_2811[erm],od2coa
s_2814[erm],CE2245
s_2815[erm],hxc2coa
s_2816[erm],hexccoa
s_2817[erm],o2
s_2818[erm],nadh
s_2819[erm],hdcoa
s_2820[erm],nad
s_2821[erm],ocdce9coa
s_2822[e],but
s_2824[e],hxa
s_2826[e],ocdcea
s_2828[c],but
s_2829[c],hxa
s_2831[erm],atp
s_2832[erm],ddca
s_2833[erm],amp
s_2834[erm],ppi
s_2835[erm],ttdca
s_2836[erm],hdca
s_2837[erm],hdcea
s_2838[erm],ocdca
s_2839[erm],ocdcea
s_2840[lp],atp
s_2841[lp],ddca
s_2842[lp],amp
s_2843[lp],ddcacoa
s_2844[lp],ttdca
s_2845[lp],tdcoa
s_2846[lp],hdca
s_2847[lp],pmtcoa
s_2848[lp],hdcea
s_2849[lp],hdcoa
s_2850[lp],ocdca
s_2851[lp],stcoa
s_2852[lp],ocdcea
s_2853[lp],ocdce9coa
s_2854[p],hdcoa
s_2855[p],ocdcea
s_2856[ce],atp
s_2857[ce],coa
s_2858[ce],arach
s_2859[ce],amp
s_2860[ce],ppi
s_2861[ce],arachcoa
s_2862[ce],docosac
s_2863[ce],docoscoa
s_2864[ce],lgnc
s_2865[ce],ttccoa
s_2866[ce],hexc
s_2867[ce],hexccoa
s_2868[erm],docosac
s_2869[erm],lgnc
s_2870[erm],hexc
s_2871[lp],docosac
s_2872[lp],docoscoa
s_2873[lp],lgnc
s_2874[lp],ttccoa
s_2875[lp],hexc
s_2876[lp],hexccoa
s_2877[c],hdcoa
s_2878[c],arachcoa
s_2879[p],arachcoa
s_2880[c],docoscoa
s_2881[p],docoscoa
s_2882[p],but
s_2883[p],hxa
s_2884[p],btcoa
s_2885[p],hxcoa
s_2886[p],b2coa
s_2887[p],hx2coa
s_2888[p],oc2coa
s_2891[p],CE2245
s_2897[p],lnlccoa
s_2903[p],R_3hhcoa
s_2904[p],R_3hocoa
s_2914[p],aacoa
s_2915[p],3ohcoa
s_2916[p],3oocoa
s_2917[p],CE2251
s_2918[p],CE2250
s_2919[p],CE2253
s_2929[p],dd3coa
s_2934[erm],glyc3p
s_2935[erm],1hdecg3p
s_2937[erm],1odecg3p
s_2939[erm],dhap
s_2944[lp],1hdecg3p
s_2946[lp],1odecg3p
s_2952[lp],nadph
s_2953[lp],nadp
s_2956[erm],pa161
s_2966[erm],pi
s_2969[erm],12dgr161
s_2974[erm],12dgr181
s_2976[vm],h2o
s_2977[vm],pi
s_2981[vm],pa161
s_2982[vm],12dgr161
s_2992[vm],12dgr181
s_2994[gm],h2o
s_2995[gm],pi
s_2999[gm],pa161
s_3000[gm],12dgr161
s_3010[gm],12dgr181
s_3013[erm],tag1619Z1619Z160
s_3021[erm],tag1619Z1619Z1619Z
s_3025[erm],tag1819Z1619Z1619Z
s_3037[erm],tag1619Z1619Z1819Z
s_3041[erm],tag1819Z1619Z1819Z
s_3047[lp],12dgr161
s_3048[lp],tag1619Z1619Z160
s_3057[lp],12dgr181
s_3061[lp],tag1619Z1619Z1619Z
s_3065[lp],tag1819Z1619Z1619Z
s_3077[lp],tag1619Z1619Z1819Z
s_3081[lp],tag1819Z1619Z1819Z
s_3083[erm],ctp
s_3093[mm],ctp
s_3094[mm],h
s_3095[mm],ppi
s_3097[mm],pa161
s_3107[erm],ser__L
s_3108[erm],cmp
s_3117[erm],inost
s_3119[erm],pail161
s_3129[mm],co2
s_3132[mm],pe161
s_3146[gm],h
s_3147[gm],co2
s_3150[gm],pe161
s_3164[vm],h
s_3165[vm],co2
s_3168[vm],pe161
s_3182[erm],amet
s_3183[erm],ahcys
s_3185[erm],pe161
s_3208[erm],pc161
s_3215[erm],cdp
s_3216[erm],cdpea
s_3217[erm],cdpchol
s_3218[mm],glyc3p
s_3219[mm],cmp
s_3226[mm],h2o
s_3228[mm],pi
s_3241[mm],clpn161
s_3271[mm],hdca
s_3277[mm],ocdca
s_3297[mm],1agpc160
s_3298[mm],pc161
s_3299[mm],1agpc161
s_3301[mm],1agpc180
s_3303[mm],1agpc181
s_3320[mm],hdcoa
s_3321[mm],coa
s_3322[mm],ocdce9coa
s_3324[ce],adp
s_3326[ce],pail161
s_3327[ce],pail4p161
s_3341[vm],atp
s_3342[vm],adp
s_3344[vm],pail161
s_3345[vm],pail4p161
s_3359[gm],atp
s_3360[gm],adp
s_3362[gm],pail161
s_3363[gm],pail4p161
s_3378[n],pail161
s_3379[n],pail4p161
s_3393[vm],pail3p161
s_3424[erm],1agpe160
s_3425[erm],1agpe161
s_3426[erm],1agpe180
s_3427[erm],1agpe181
s_3428[erm],1agpc160
s_3429[erm],1agpc161
s_3430[erm],1agpc180
s_3431[erm],1agpc181
s_3432[erm],epist
s_3435[erm],fecost
s_3438[erm],lanost
s_3441[erm],ergst
s_3444[erm],zymst
s_3447[erm],g3pc
s_3449[ce],h2o
s_3450[ce],1agpc160
s_3451[ce],hdcea
s_3452[ce],pc161
s_3453[ce],1agpc161
s_3455[ce],1agpc180
s_3457[ce],1agpc181
s_3459[ce],ocdcea
s_3463[ce],hdca
s_3464[ce],ocdca
s_3466[ce],1agpe160
s_3467[ce],pe161
s_3468[ce],1agpe161
s_3470[ce],1agpe180
s_3472[ce],1agpe181
s_3477[ce],g3pe
s_3490[ce],g3ps
s_3491[ce],pailpalm_hs
s_3493[ce],pailste_hs
s_3495[ce],g3pi
s_3498[c],mi145p
s_3500[c],12dgr161
s_3512[c],12dgr181
s_3514[n],12dgr161
s_3520[n],12dgr181
s_3522[mm],12dgr161
s_3528[ce],pa161
s_3536[ce],pi
s_3537[ce],pail3p161
s_3546[c],pail3p161
s_3547[c],pail161
s_3561[erm],pail3p161
s_3569[gm],pail3p161
s_3577[c],pail4p161
s_3585[erm],pail4p161
s_3632[c],1hdecg3p
s_3633[c],mag160
s_3636[c],1odecg3p
s_3637[c],mag180
s_3639[c],magole_hs
s_3640[vm],1hdecg3p
s_3641[vm],mag160
s_3644[vm],1odecg3p
s_3645[vm],mag180
s_3647[vm],magole_hs
s_3648[gm],1hdecg3p
s_3649[gm],mag160
s_3652[gm],1odecg3p
s_3653[gm],mag180
s_3655[gm],magole_hs
s_3657[lp],h2o
s_3660[lp],epist
s_3665[lp],lanost
s_3671[lp],mag160
s_3673[lp],mag180
s_3674[lp],magole_hs
s_3676[m],mag160
s_3677[m],ocdcea
s_3681[m],mag180
s_3682[m],12dgr181
s_3683[m],magole_hs
s_3684[lp],glyc
s_3685[lp],1agpe160
s_3687[lp],1agpe161
s_3689[lp],1agpe180
s_3691[lp],1agpe181
s_3694[lp],1agpc160
s_3695[lp],pc161
s_3696[lp],1agpc161
s_3698[lp],1agpc180
s_3700[lp],1agpc181
s_3706[lp],pe161
s_3710[erm],ps_cho
s_3711[erm],pchol_cho
s_3712[erm],pe_hs
s_3713[erm],tag_cho
s_3714[c],hemeA
s_3715[e],raffin
s_3716[e],melib
s_3717[c],protein
s_3719[c],rna
s_3720[c],dna
s_3748[m],cytc
s_3749[m],apocytc
s_3750[c],diact
s_3751[n],actn__R
s_3752[n],diact
s_3753[n],nadh
s_3754[m],glutrna_gln
s_3755[m],gln__L
s_3756[m],glntrna
s_3757[v],met_L_ala__L
s_3758[v],met__L
s_3759[v],ala__L
s_3761[c],adprib
s_3764[er],uacgam
s_3765[er],naglc2p
s_3766[er],udp
s_3769[p],oxa
s_3770[p],oxalcoa
s_3772[er],glc__D
s_3775[v],na1
s_3776[v],k
s_3777[v],cl
s_3778[c],cl
s_3779[v],fru
s_3780[v],gal
s_3781[er],ump
s_3782[c],cd2
s_3783[e],cd2
s_3785[m],cys__L
s_3787[er],chsterol
s_3788[erm],chsterol
s_3793[c],3mbzalc
s_3794[c],3mbzald
s_3797[c],4mbzalc
s_3798[c],4mbzald
s_3799[c],bzalc
s_3800[c],bzal
s_3801[c],mn2
s_3802[er],mn2
s_3805[c],mnl
s_3808[m],trnapro
s_3809[m],protrna
s_3810[c],5oxpro
s_3811[m],hthbp
s_3812[m],CE2705
s_3813[m],o2s
s_3814[c],2doxg6p
s_3815[c],2dglc
s_3818[n],amet
s_3820[n],ahcys
s_3822[c],zn2
s_3823[er],zn2
s_3824[er],ficytb5
s_3825[er],focytb5
s_3826[m],ficytb5
s_3827[m],focytb5
s_3831[er],gthrd
s_3837[c],metsox_S__L
s_3838[v],L_alagly
s_3839[v],gly
s_3840[v],ala_L_ile__L
s_3843[p],gthrd
s_3846[c],dhdascb
s_3847[c],ascb__L
s_3848[p],dhdascb
s_3849[p],gthox
s_3850[p],ascb__L
s_3855[m],fe3
s_3859[c],HC01104
s_3860[c],4nph
s_3861[c],C01507
s_3862[c],a_gal__D
s_3864[m],3hmp
s_3867[c],pad
s_3868[c],iad
s_3871[c],acryl
s_3872[c],aa
s_3874[c],bz
s_3875[c],glcn
s_3878[er],pail_cho
s_3880[c],ca2
s_3881[v],atp
s_3882[v],ca2
s_3883[v],adp
s_3890[er],gdpmann
s_3892[er],gdp
s_3897[v],man6pglyc
s_3898[v],man6p
s_3899[v],glyc__R
s_3904[c],ser__D
s_3905[m],acser
s_3906[m],h2s
s_3907[m],pa_EC
s_3908[m],cdpdag_cho
s_3913[c],no
s_3914[c],no3
s_3915[c],lipoate
s_3916[c],lipoamp
s_3925[m],cgly
s_3926[g],cl
s_3931[c],o2s
s_3933[er],man
s_3935[c],no2
s_3936[e],fe3
s_3937[er],acoa
s_3938[er],1ag3p_SC
s_3939[er],pa_EC
s_3946[m],lipACP
s_3948[c],f6p_B
s_3949[c],glc__bD
s_3950[c],g6p_B
s_3952[c],g6p_A
s_3953[c],gam
s_3954[c],fru_B
s_3958[c],glyc__R
s_3961[c],glcurn
s_3962[c],glcr
s_3963[c],4tmeabut
s_3964[c],4tmeabutn
s_3965[c],mmtsa
s_3966[c],mmal
s_3967[c],im4act
s_3968[c],im4ac
s_3969[c],xol7ah2al
s_3970[c],dhcholestanate
s_3971[c],5hoxindact
s_3972[c],5hoxindoa
s_3973[c],n4abutn
s_3974[c],4aabutn
s_3981[c],pylald
s_3982[c],peracd
s_3987[erm],adp
s_3991[c],carn
s_3992[c],ans
s_3997[c],glyclt
s_3998[c],sucr
s_3999[c],isomal
s_4000[c],starch
s_4005[m],dad_5
s_4009[m],cyan
s_4010[m],tsul
s_4011[m],so3
s_4012[m],tcynt
s_4013[c],mg2
s_4014[m],mg2
s_4015[er],udpg
s_4016[er],so4
s_4017[c],acgam
s_4019[c],cu2
s_4020[g],cu2
s_4021[c],HC00591
s_4025[g],uacgam
s_4026[m],zn2
s_4027[v],zn2
s_4031[v],fe3
s_4032[c],pcollglys
s_4034[e],ala_L_gln__L
s_4035[c],ala_L_gln__L
s_4036[v],ala_L_gln__L
s_4037[e],LalaLglu
s_4038[c],LalaLglu
s_4039[v],LalaLglu
s_4040[e],ala_L_Thr__L
s_4041[c],ala_L_Thr__L
s_4042[v],ala_L_Thr__L
s_4043[v],thr__L
s_4048[c],glyc1p
s_4049[e],glyc1p
s_4050[e],ala_L_his__L
s_4051[c],ala_L_his__L
s_4052[v],ala_L_his__L
s_4053[e],gly_asn__L
s_4054[c],gly_asn__L
s_4055[v],gly_asn__L
s_4056[e],gly_gln__L
s_4057[c],gly_gln__L
s_4058[v],gly_gln__L
s_4059[e],gly_glu__L
s_4060[c],gly_glu__L
s_4061[v],gly_glu__L
s_4062[c],glyc2p
s_4063[e],glyc2p
s_4064[c],thrp
s_4065[e],thrp
s_4068[c],3gmp
s_4069[e],3gmp
s_4070[e],2pglyc
s_4071[c],2pglyc
s_4073[c],cysam
s_4074[e],cysam
s_4077[c],pser__D
s_4078[e],pser__D
s_4079[c],C02356
s_4080[e],C02356
s_4083[c],3ump
s_4084[e],3ump
s_4085[e],gly_met__L
s_4086[c],gly_met__L
s_4087[v],gly_met__L
s_4089[c],creat
s_4091[e],creat
s_4092[c],argp
s_4093[e],argp
s_4094[c],23cgmp
s_4095[e],23cgmp
s_4096[c],tyrp
s_4097[e],tyrp
s_4098[c],pppi
s_4099[e],pppi
s_4102[c],23cump
s_4103[e],23cump
s_4104[c],3sala
s_4105[e],3sala
s_4106[c],3amp
s_4107[e],3amp
s_4108[c],pala
s_4109[e],pala
s_4110[c],CE1310
s_4111[e],CE1310
s_4112[c],tet
s_4113[c],tsul
s_4114[e],tet
s_4115[c],isetac
s_4116[e],isetac
s_4117[c],5dglcn
s_4118[e],5dglcn
s_4119[e],ala_L_asp__L
s_4120[c],ala_L_asp__L
s_4121[v],ala_L_asp__L
s_4122[c],madg
s_4123[c],meoh
s_4124[e],meoh
s_4125[e],madg
s_4126[c],23ccmp
s_4127[e],23ccmp
s_4128[c],tag__D
s_4129[c],tag6p__D
s_4130[e],tag__D
s_4132[c],acac
s_4133[e],acac
s_4134[c],C02712
s_4135[e],C02712
s_4138[c],Lcyst
s_4139[e],Lcyst
s_4140[e],malttr
s_4141[e],2pg
s_4142[e],3pg
s_4143[e],met_L_ala__L
s_4144[c],met_L_ala__L
s_4145[e],g1p
s_4146[e],cbp
s_4147[e],pser__L
s_4148[e],gmp
s_4149[e],minohp
s_4150[e],g6p
s_4151[e],ump
s_4152[e],pep
s_4153[e],man6p
s_4154[e],ethamp
s_4155[e],6pgc
s_4156[e],man1p
s_4157[e],ppi
s_4158[e],cholp
s_4159[e],tsul
s_4160[e],amp
s_4161[e],23camp
s_4162[e],amp2p
s_4163[e],cmp
s_4164[e],gam
s_4165[e],drib
s_4166[e],citr__L
s_4167[e],dha
s_4168[e],ala_L_ile__L
s_4169[c],ala_L_ile__L
s_4170[e],L_alagly
s_4171[c],L_alagly
s_4172[e],acglu
s_4173[c],acglu
s_4174[e],lpam
s_4175[c],lpam
s_4176[e],metsox_S__L
s_4177[c],hgentis
s_4178[c],4mlacac
s_4179[c],4fumacac
s_4180[c],xylu__L
s_4181[c],abt__D
s_4182[c],2hog
s_4183[c],ppcoa
s_4184[c],msa
s_4185[c],23dhmb
s_4186[c],3hmoa
s_4188[c],alac__S
s_4189[c],r3mmal
s_4190[c],lnlccoa
s_4191[c],lnlc
s_4192[c],stys
s_4193[c],raffin
s_4194[c],4hphac
s_4195[c],hqn
s_4196[g],atp
s_4197[g],ca2
s_4198[g],adp
s_4199[e],ca2
s_4200[e],cl
s_4201[e],cu2
s_4202[e],mn2
s_4203[e],zn2
s_4204[e],mg2
